Time,System Production (Wh)
2020-01-01,40781.0
2020-01-02,9720.0
2020-01-03,4292.0
2020-01-04,4753.0
2020-01-05,27100.0
2020-01-06,57032.0
2020-01-07,57403.0
2020-01-08,37174.0
2020-01-09,40905.0
2020-01-10,7311.0
2020-01-11,7507.0
2020-01-12,10360.0
2020-01-13,33333.0
2020-01-14,26026.0
2020-01-15,9827.0
2020-01-16,25976.0
2020-01-17,22388.0
2020-01-18,3414.0
2020-01-19,14096.0
2020-01-20,56726.0
2020-01-21,61608.0
2020-01-22,54046.0
2020-01-23,14745.0
2020-01-24,4930.0
2020-01-25,7128.0
2020-01-26,96.0
2020-01-27,6819.0
2020-01-28,6282.0
2020-01-29,7761.0
2020-01-30,13848.0
2020-01-31,14132.0
2020-02-01,15165.0
2020-02-02,69930.0
2020-02-03,44476.0
2020-02-04,2924.0
2020-02-05,22935.0
2020-02-06,6039.0
2020-02-07,965.0
2020-02-08,487.0
2020-02-09,4609.0
2020-02-10,5475.0
2020-02-11,16014.0
2020-02-12,14750.0
2020-02-13,3632.0
2020-02-14,43650.0
2020-02-15,47817.0
2020-02-16,18574.0
2020-02-17,48325.0
2020-02-18,16292.0
2020-02-19,84541.0
2020-02-20,65129.0
2020-02-21,85295.0
2020-02-22,85892.0
2020-02-23,42209.0
2020-02-24,18721.0
2020-02-25,9363.0
2020-02-26,7728.0
2020-02-27,11145.0
2020-02-28,50317.0
2020-02-29,63432.0
2020-03-01,73300.0
2020-03-02,6267.0
2020-03-03,36374.0
2020-03-04,39024.0
2020-03-05,72786.0
2020-03-06,12920.0
2020-03-07,91462.0
2020-03-08,87118.0
2020-03-09,66684.0
2020-03-10,15156.0
2020-03-11,17268.0
2020-03-12,44939.0
2020-03-13,86558.0
2020-03-14,10210.0
2020-03-15,36130.0
2020-03-16,24398.0
2020-03-17,15336.0
2020-03-18,17359.0
2020-03-19,20043.0
2020-03-20,33710.0
2020-03-21,23832.0
2020-03-22,62815.0
2020-03-23,16936.0
2020-03-24,25012.0
2020-03-25,86981.0
2020-03-26,63386.0
2020-03-27,24692.0
2020-03-28,28975.0
2020-03-29,89884.0
2020-03-30,16607.0
2020-03-31,17414.0
2020-04-01,27152.0
2020-04-02,82780.0
2020-04-03,99048.0
2020-04-04,81382.0
2020-04-05,26341.0
2020-04-06,97087.0
2020-04-07,62727.0
2020-04-08,82788.0
2020-04-09,55806.0
2020-04-10,56579.0
2020-04-11,63370.0
2020-04-12,36307.0
2020-04-13,20826.0
2020-04-14,57822.0
2020-04-15,63347.0
2020-04-16,89888.0
2020-04-17,15477.0
2020-04-18,79369.0
2020-04-19,55268.0
2020-04-20,104179.0
2020-04-21,98981.0
2020-04-22,46504.0
2020-04-23,21592.0
2020-04-24,71697.0
2020-04-25,65544.0
2020-04-26,14226.0
2020-04-27,94402.0
2020-04-28,50834.0
2020-04-29,24044.0
2020-04-30,22740.0
2020-05-01,43498.0
2020-05-02,83223.0
2020-05-03,45960.0
2020-05-04,97733.0
2020-05-05,27021.0
2020-05-06,87035.0
2020-05-07,67196.0
2020-05-08,35596.0
2020-05-09,86583.0
2020-05-10,78447.0
2020-05-11,25689.0
2020-05-12,79162.0
2020-05-13,102087.0
2020-05-14,45077.0
2020-05-15,37619.0
2020-05-16,65812.0
2020-05-17,61947.0
2020-05-18,17575.0
2020-05-19,18480.0
2020-05-20,43797.0
2020-05-21,27630.0
2020-05-22,51011.0
2020-05-23,77051.0
2020-05-24,84378.0
2020-05-25,93129.0
2020-05-26,97419.0
2020-05-27,79194.0
2020-05-28,73088.0
2020-05-29,52032.0
2020-05-30,86882.0
2020-05-31,106528.0
2020-06-01,91877.0
2020-06-02,97785.0
2020-06-03,84606.0
2020-06-04,42152.0
2020-06-05,80654.0
2020-06-06,91860.0
2020-06-07,91528.0
2020-06-08,98040.0
2020-06-09,78713.0
2020-06-10,63699.0
2020-06-11,91848.0
2020-06-12,99197.0
2020-06-13,57810.0
2020-06-14,73603.0
2020-06-15,73627.0
2020-06-16,89360.0
2020-06-17,54621.0
2020-06-18,49036.0
2020-06-19,78347.0
2020-06-20,81720.0
2020-06-21,79338.0
2020-06-22,61938.0
2020-06-23,57298.0
2020-06-24,62141.0
2020-06-25,73021.0
2020-06-26,68093.0
2020-06-27,51699.0
2020-06-28,70544.0
2020-06-29,81427.0
2020-06-30,86686.0
2020-07-01,98920.0
2020-07-02,16179.0
2020-07-03,90668.0
2020-07-04,79573.0
2020-07-05,87913.0
2020-07-06,79423.0
2020-07-07,33489.0
2020-07-08,90971.0
2020-07-09,88201.0
2020-07-10,57711.0
2020-07-11,84795.0
2020-07-12,59439.0
2020-07-13,81895.0
2020-07-14,94204.0
2020-07-15,91711.0
2020-07-16,64506.0
2020-07-17,89359.0
2020-07-18,87640.0
2020-07-19,64619.0
2020-07-20,83775.0
2020-07-21,82062.0
2020-07-22,47717.0
2020-07-23,36240.0
2020-07-24,69853.0
2020-07-25,85800.0
2020-07-26,93764.0
2020-07-27,64504.0
2020-07-28,97390.0
2020-07-29,92532.0
2020-07-30,25949.0
2020-07-31,91094.0
2020-08-01,48341.0
2020-08-02,24116.0
2020-08-03,61255.0
2020-08-04,58136.0
2020-08-05,82778.0
2020-08-06,73059.0
2020-08-07,78845.0
2020-08-08,79357.0
2020-08-09,88497.0
2020-08-10,84534.0
2020-08-11,72857.0
2020-08-12,68175.0
2020-08-13,88981.0
2020-08-14,64199.0
2020-08-15,28508.0
2020-08-16,51631.0
2020-08-17,61255.0
2020-08-18,53050.0
2020-08-19,86637.0
2020-08-20,88594.0
2020-08-21,77355.0
2020-08-22,59406.0
2020-08-23,74305.0
2020-08-24,72764.0
2020-08-25,66441.0
2020-08-26,61845.0
2020-08-27,58229.0
2020-08-28,28585.0
2020-08-29,73144.0
2020-08-30,77202.0
2020-08-31,51089.0
2020-09-01,50196.0
2020-09-02,39597.0
2020-09-03,41392.0
2020-09-04,88788.0
2020-09-05,89226.0
2020-09-06,61010.0
2020-09-07,56174.0
2020-09-08,79095.0
2020-09-09,77765.0
2020-09-10,62554.0
2020-09-11,17769.0
2020-09-12,67405.0
2020-09-13,42616.0
2020-09-14,58651.0
2020-09-15,75527.0
2020-09-16,72594.0
2020-09-17,46673.0
2020-09-18,83858.0
2020-09-19,89097.0
2020-09-20,88029.0
2020-09-21,84210.0
2020-09-22,73101.0
2020-09-23,60793.0
2020-09-24,59479.0
2020-09-25,77506.0
2020-09-26,69445.0
2020-09-27,53384.0
2020-09-28,32466.0
2020-09-29,31387.0
2020-09-30,29833.0
2020-10-01,48154.0
2020-10-02,62473.0
2020-10-03,37801.0
2020-10-04,53452.0
2020-10-05,64807.0
2020-10-06,71602.0
2020-10-07,75522.0
2020-10-08,77220.0
2020-10-09,60872.0
2020-10-10,26216.0
2020-10-11,16817.0
2020-10-12,35252.0
2020-10-13,77208.0
2020-10-14,52938.0
2020-10-15,13153.0
2020-10-16,71878.0
2020-10-17,72922.0
2020-10-18,10927.0
2020-10-19,4120.0
2020-10-20,8652.0
2020-10-21,13514.0
2020-10-22,60931.0
2020-10-23,44736.0
2020-10-24,21778.0
2020-10-25,18786.0
2020-10-26,13957.0
2020-10-27,7785.0
2020-10-28,14149.0
2020-10-29,7175.0
2020-10-30,26672.0
2020-10-31,73518.0
2020-11-01,43334.0
2020-11-02,73184.0
2020-11-03,70182.0
2020-11-04,69007.0
2020-11-05,47231.0
2020-11-06,65918.0
2020-11-07,64957.0
2020-11-08,62565.0
2020-11-09,63207.0
2020-11-10,54984.0
2020-11-11,24795.0
2020-11-12,67690.0
2020-11-13,60157.0
2020-11-14,31729.0
2020-11-15,20485.0
2020-11-16,67454.0
2020-11-17,37048.0
2020-11-18,64203.0
2020-11-19,51360.0
2020-11-20,27283.0
2020-11-21,5101.0
2020-11-22,6194.0
2020-11-23,26109.0
2020-11-24,14593.0
2020-11-25,3850.0
2020-11-26,10315.0
2020-11-27,19351.0
2020-11-28,57382.0
2020-11-29,51681.0
2020-11-30,3837.0
2020-12-01,2.0
2020-12-02,16778.0
2020-12-03,17507.0
2020-12-04,17827.0
2020-12-05,21997.0
2020-12-06,24270.0
2020-12-07,2664.0
2020-12-08,10333.0
2020-12-09,46420.0
2020-12-10,52380.0
2020-12-11,50804.0
2020-12-12,8056.0
2020-12-13,8754.0
2020-12-14,6595.0
2020-12-15,37134.0
2020-12-16,663.0
2020-12-17,0.0
2020-12-18,8.0
2020-12-19,1711.0
2020-12-20,3161.0
2020-12-21,3066.0
2020-12-22,11312.0
2020-12-23,35074.0
2020-12-24,1223.0
2020-12-25,54.0
2020-12-26,883.0
2020-12-27,897.0
2020-12-28,7947.0
2020-12-29,58054.0
2020-12-30,10096.0
2020-12-31,3239.0
2021-01-01,1765.0
2021-01-02,9244.0
2021-01-03,7198.0
2021-01-04,2822.0
2021-01-05,4300.0
2021-01-06,4921.0
2021-01-07,9952.0
2021-01-08,30013.0
2021-01-09,58923.0
2021-01-10,58672.0
2021-01-11,8215.0
2021-01-12,7469.0
2021-01-13,50226.0
2021-01-14,43177.0
2021-01-15,19736.0
2021-01-16,8236.0
2021-01-17,2381.0
2021-01-18,233.0
2021-01-19,36748.0
2021-01-20,30061.0
2021-01-21,65112.0
2021-01-22,20745.0
2021-01-23,69916.0
2021-01-24,9595.0
2021-01-25,7975.0
2021-01-26,5491.0
2021-01-27,17142.0
2021-01-28,19809.0
2021-01-29,71072.0
2021-01-30,34226.0
2021-01-31,854.0
2021-02-01,31.0
2021-02-02,600.0
2021-02-03,3880.0
2021-02-04,5500.0
2021-02-05,5994.0
2021-02-06,23474.0
2021-02-07,37179.0
2021-02-08,36644.0
2021-02-09,267.0
2021-02-10,236.0
2021-02-11,269.0
2021-02-12,651.0
2021-02-13,391.0
2021-02-14,2042.0
2021-02-15,115.0
2021-02-16,317.0
2021-02-17,1346.0
2021-02-18,62.0
2021-02-19,195.0
2021-02-20,4086.0
2021-02-21,14050.0
2021-02-22,15461.0
2021-02-23,84008.0
2021-02-24,41134.0
2021-02-25,87839.0
2021-02-26,39265.0
2021-02-27,50678.0
2021-02-28,13660.0
2021-03-01,57418.0
2021-03-02,91709.0
2021-03-03,86493.0
2021-03-04,32298.0
2021-03-05,93985.0
2021-03-06,93046.0
2021-03-07,92863.0
2021-03-08,85351.0
2021-03-09,64777.0
2021-03-10,70112.0
2021-03-11,23213.0
2021-03-12,72642.0
2021-03-13,82197.0
2021-03-14,64552.0
2021-03-15,26237.0
2021-03-16,29236.0
2021-03-17,59631.0
2021-03-18,14803.0
2021-03-19,97565.0
2021-03-20,95155.0
2021-03-21,93899.0
2021-03-22,85588.0
2021-03-23,63760.0
2021-03-24,61553.0
2021-03-25,31061.0
2021-03-26,36863.0
2021-03-27,75470.0
2021-03-28,23121.0
2021-03-29,98999.0
2021-03-30,90188.0
2021-03-31,54830.0
2021-04-01,40342.0
2021-04-02,104226.0
2021-04-03,98105.0
2021-04-04,92499.0
2021-04-05,58922.0
2021-04-06,87086.0
2021-04-07,71588.0
2021-04-08,38457.0
2021-04-09,84709.0
2021-04-10,52528.0
2021-04-11,26156.0
2021-04-12,32743.0
2021-04-13,92690.0
2021-04-14,77751.0
2021-04-15,40897.0
2021-04-16,54171.0
2021-04-17,54149.0
2021-04-18,71738.0
2021-04-19,70793.0
2021-04-20,80494.0
2021-04-21,31798.0
2021-04-22,59275.0
2021-04-23,87761.0
2021-04-24,28645.0
2021-04-25,76398.0
2021-04-26,99293.0
2021-04-27,95771.0
2021-04-28,39282.0
2021-04-29,15556.0
2021-04-30,77585.0
2021-05-01,100781.0
2021-05-02,72681.0
2021-05-03,28417.0
2021-05-04,24925.0
2021-05-05,57470.0
2021-05-06,66054.0
2021-05-07,67010.0
2021-05-08,76007.0
2021-05-09,6517.0
2021-05-10,73802.0
2021-05-11,84505.0
2021-05-12,87160.0
2021-05-13,97175.0
2021-05-14,70609.0
2021-05-15,93529.0
2021-05-16,82793.0
2021-05-17,58585.0
2021-05-18,87888.0
2021-05-19,88264.0
2021-05-20,84172.0
2021-05-21,82008.0
2021-05-22,69222.0
2021-05-23,77998.0
2021-05-24,57754.0
2021-05-25,81601.0
2021-05-26,42046.0
2021-05-27,69962.0
2021-05-28,22076.0
2021-05-29,14915.0
2021-05-30,56949.0
2021-05-31,88352.0
2021-06-01,73995.0
2021-06-02,24862.0
2021-06-03,20221.0
2021-06-04,82084.0
2021-06-05,94961.0
2021-06-06,64984.0
2021-06-07,54940.0
2021-06-08,64166.0
2021-06-09,42044.0
2021-06-10,49201.0
2021-06-11,59205.0
2021-06-12,77011.0
2021-06-13,83626.0
2021-06-14,90443.0
2021-06-15,74492.0
2021-06-16,98287.0
2021-06-17,98006.0
2021-06-18,38600.0
2021-06-19,68825.0
2021-06-20,78961.0
2021-06-21,61746.0
2021-06-22,103244.0
2021-06-23,87496.0
2021-06-24,80482.0
2021-06-25,46241.0
2021-06-26,69312.0
2021-06-27,85624.0
2021-06-28,65879.0
2021-06-29,69349.0
2021-06-30,46114.0
2021-07-01,35713.0
2021-07-02,24584.0
2021-07-03,81202.0
2021-07-04,90853.0
2021-07-05,86916.0
2021-07-06,83653.0
2021-07-07,86467.0
2021-07-08,59028.0
2021-07-09,59386.0
2021-07-10,37519.0
2021-07-11,38893.0
2021-07-12,63848.0
2021-07-13,50561.0
2021-07-14,74109.0
2021-07-15,79827.0
2021-07-16,53975.0
2021-07-17,57234.0
2021-07-18,83249.0
2021-07-19,77651.0
2021-07-20,78054.0
2021-07-21,77431.0
2021-07-22,87894.0
2021-07-23,61292.0
2021-07-24,76039.0
2021-07-25,82998.0
2021-07-26,90817.0
2021-07-27,84541.0
2021-07-28,77786.0
2021-07-29,53157.0
2021-07-30,82781.0
2021-07-31,58907.0
2021-08-01,74481.0
2021-08-02,84836.0
2021-08-03,81965.0
2021-08-04,91027.0
2021-08-05,79368.0
2021-08-06,74118.0
2021-08-07,60259.0
2021-08-08,83332.0
2021-08-09,53071.0
2021-08-10,54307.0
2021-08-11,55858.0
2021-08-12,62114.0
2021-08-13,46937.0
2021-08-14,82527.0
2021-08-15,53645.0
2021-08-16,31803.0
2021-08-17,25966.0
2021-08-18,59465.0
2021-08-19,52227.0
2021-08-20,78103.0
2021-08-21,81922.0
2021-08-22,78937.0
2021-08-23,80257.0
2021-08-24,84585.0
2021-08-25,37260.0
2021-08-26,58169.0
2021-08-27,76068.0
2021-08-28,75067.0
2021-08-29,53010.0
2021-08-30,44702.0
2021-08-31,15359.0
2021-09-01,75901.0
2021-09-02,86040.0
2021-09-03,80518.0
2021-09-04,60809.0
2021-09-05,57590.0
2021-09-06,71608.0
2021-09-07,78479.0
2021-09-08,58685.0
2021-09-09,73005.0
2021-09-10,77143.0
2021-09-11,66678.0
2021-09-12,73484.0
2021-09-13,65905.0
2021-09-14,66708.0
2021-09-15,24868.0
2021-09-16,72075.0
2021-09-17,72379.0
2021-09-18,75340.0
2021-09-19,71031.0
2021-09-20,35876.0
2021-09-21,11449.0
2021-09-22,10658.0
2021-09-23,30708.0
2021-09-24,84557.0
2021-09-25,36866.0
2021-09-26,81755.0
2021-09-27,77507.0
2021-09-28,36484.0
2021-09-29,79239.0
2021-09-30,74057.0
2021-10-01,79930.0
2021-10-02,58736.0
2021-10-03,15738.0
2021-10-04,36344.0
2021-10-05,69764.0
2021-10-06,44561.0
2021-10-07,18121.0
2021-10-08,41111.0
2021-10-09,50622.0
2021-10-10,63238.0
2021-10-11,61225.0
2021-10-12,47463.0
2021-10-13,68848.0
2021-10-14,53881.0
2021-10-15,29555.0
2021-10-16,50135.0
2021-10-17,57041.0
2021-10-18,73340.0
2021-10-19,70474.0
2021-10-20,68719.0
2021-10-21,14631.0
2021-10-22,11474.0
2021-10-23,31004.0
2021-10-24,8427.0
2021-10-25,19657.0
2021-10-26,50300.0
2021-10-27,12896.0
2021-10-28,35373.0
2021-10-29,6098.0
2021-10-30,24804.0
2021-10-31,24284.0
2021-11-01,52373.0
2021-11-02,53014.0
2021-11-03,62453.0
2021-11-04,37105.0
2021-11-05,67265.0
2021-11-06,69355.0
2021-11-07,65576.0
2021-11-08,65593.0
2021-11-09,45439.0
2021-11-10,52710.0
2021-11-11,31364.0
2021-11-12,43986.0
2021-11-13,10262.0
2021-11-14,2874.0
2021-11-15,19998.0
2021-11-16,57569.0
2021-11-17,21735.0
2021-11-18,33429.0
2021-11-19,30807.0
2021-11-20,37243.0
2021-11-21,3405.0
2021-11-22,57886.0
2021-11-23,62770.0
2021-11-24,40333.0
2021-11-25,2383.0
2021-11-26,8679.0
2021-11-27,11944.0
2021-11-28,19791.0
2021-11-29,57047.0
2021-11-30,58194.0
2021-12-01,9756.0
2021-12-02,27004.0
2021-12-03,27103.0
2021-12-04,55668.0
2021-12-05,19064.0
2021-12-06,18102.0
2021-12-07,13139.0
2021-12-08,7272.0
2021-12-09,21223.0
2021-12-10,18194.0
2021-12-11,6710.0
2021-12-12,55700.0
2021-12-13,53967.0
2021-12-14,54035.0
2021-12-15,11714.0
2021-12-16,3076.0
2021-12-17,27005.0
2021-12-18,4181.0
2021-12-19,9158.0
2021-12-20,56835.0
2021-12-21,52168.0
2021-12-22,43364.0
2021-12-23,37107.0
2021-12-24,11357.0
2021-12-25,4475.0
2021-12-26,47563.0
2021-12-27,7259.0
2021-12-28,3414.0
2021-12-29,10541.0
2021-12-30,9011.0
2021-12-31,7678.0
2022-01-01,2366.0
2022-01-02,8740.0
2022-01-03,32929.0
2022-01-04,58228.0
2022-01-05,31840.0
2022-01-06,19442.0
2022-01-07,4947.0
2022-01-08,41282.0
2022-01-09,6194.0
2022-01-10,23867.0
2022-01-11,60729.0
2022-01-12,36038.0
2022-01-13,23186.0
2022-01-14,8565.0
2022-01-15,48237.0
2022-01-16,18263.0
2022-01-17,324.0
2022-01-18,3633.0
2022-01-19,26203.0
2022-01-20,18523.0
2022-01-21,51620.0
2022-01-22,42551.0
2022-01-23,1246.0
2022-01-24,352.0
2022-01-25,3626.0
2022-01-26,16959.0
2022-01-27,26468.0
2022-01-28,2581.0
2022-01-29,50258.0
2022-01-30,55448.0
2022-01-31,70921.0
2022-02-01,54877.0
2022-02-02,7230.0
2022-02-03,2048.0
2022-02-04,538.0
2022-02-05,1988.0
2022-02-06,9512.0
2022-02-07,43095.0
2022-02-08,57024.0
2022-02-09,57136.0
2022-02-10,50453.0
2022-02-11,30045.0
2022-02-12,20196.0
2022-02-13,22561.0
2022-02-14,37463.0
2022-02-15,80407.0
2022-02-16,42756.0
2022-02-17,7822.0
2022-02-18,47317.0
2022-02-19,72274.0
2022-02-20,79353.0
2022-02-21,68072.0
2022-02-22,4240.0
2022-02-23,11826.0
2022-02-24,37893.0
2022-02-25,15231.0
2022-02-26,30923.0
2022-02-27,86304.0
2022-02-28,78659.0
2022-03-01,43790.0
2022-03-02,80005.0
2022-03-03,64209.0
2022-03-04,75456.0
2022-03-05,71623.0
2022-03-06,35765.0
2022-03-07,10024.0
2022-03-08,56727.0
2022-03-09,52495.0
2022-03-10,79868.0
2022-03-11,46652.0
2022-03-12,15726.0
2022-03-13,70369.0
2022-03-14,89388.0
2022-03-15,42633.0
2022-03-16,71733.0
2022-03-17,77256.0
2022-03-18,34871.0
2022-03-19,14376.0
2022-03-20,68455.0
2022-03-21,86411.0
2022-03-22,16784.0
2022-03-23,28955.0
2022-03-24,34366.0
2022-03-25,13827.0
2022-03-26,18921.0
2022-03-27,38044.0
2022-03-28,78368.0
2022-03-29,78017.0
2022-03-30,56890.0
2022-03-31,21227.0
2022-04-01,26672.0
2022-04-02,67970.0
2022-04-03,47815.0
2022-04-04,45763.0
2022-04-05,25124.0
2022-04-06,27506.0
2022-04-07,55944.0
2022-04-08,53515.0
2022-04-09,46872.0
2022-04-10,101840.0
2022-04-11,16273.0
2022-04-12,66481.0
2022-04-13,38734.0
2022-04-14,96256.0
2022-04-15,82028.0
2022-04-16,62640.0
2022-04-17,101604.0
2022-04-18,10841.0
2022-04-19,35934.0
2022-04-20,86357.0
2022-04-21,33512.0
2022-04-22,84903.0
2022-04-23,91855.0
2022-04-24,87891.0
2022-04-25,42941.0
2022-04-26,50387.0
2022-04-27,96920.0
2022-04-28,90636.0
2022-04-29,88727.0
2022-04-30,47778.0
2022-05-01,68977.0
2022-05-02,96932.0
2022-05-03,27818.0
2022-05-04,26591.0
2022-05-05,29822.0
2022-05-06,17619.0
2022-05-07,30619.0
2022-05-08,97404.0
2022-05-09,100997.0
2022-05-10,93632.0
2022-05-11,94943.0
2022-05-12,91574.0
2022-05-13,76905.0
2022-05-14,57362.0
2022-05-15,95931.0
2022-05-16,82961.0
2022-05-17,98787.0
2022-05-18,31347.0
2022-05-19,88605.0
2022-05-20,60606.0
2022-05-21,51183.0
2022-05-22,51093.0
2022-05-23,52174.0
2022-05-24,95943.0
2022-05-25,76012.0
2022-05-26,36748.0
2022-05-27,46676.0
2022-05-28,67897.0
2022-05-29,94845.0
2022-05-30,91996.0
2022-05-31,87612.0
2022-06-01,77143.0
2022-06-02,56078.0
2022-06-03,97895.0
2022-06-04,99079.0
2022-06-05,94784.0
2022-06-06,46925.0
2022-06-07,50000.0
2022-06-08,75854.0
2022-06-09,59722.0
2022-06-10,71302.0
2022-06-11,73662.0
2022-06-12,44444.0
2022-06-13,79022.0
2022-06-14,59971.0
2022-06-15,81785.0
2022-06-16,73933.0
2022-06-17,94167.0
2022-06-18,103683.0
2022-06-19,94963.0
2022-06-20,55167.0
2022-06-21,94309.0
2022-06-22,82415.0
2022-06-23,96806.0
2022-06-24,95767.0
2022-06-25,76944.0
2022-06-26,56852.0
2022-06-27,97685.0
2022-06-28,95825.0
2022-06-29,95185.0
2022-06-30,95017.0
2022-07-01,78699.0
2022-07-02,88801.0
2022-07-03,90367.0
2022-07-04,85041.0
2022-07-05,22703.0
2022-07-06,37467.0
2022-07-07,82456.0
2022-07-08,23017.0
2022-07-09,76016.0
2022-07-10,89168.0
2022-07-11,83906.0
2022-07-12,85021.0
2022-07-13,81384.0
2022-07-14,82630.0
2022-07-15,81245.0
2022-07-16,36862.0
2022-07-17,13524.0
2022-07-18,49538.0
2022-07-19,81305.0
2022-07-20,82670.0
2022-07-21,82395.0
2022-07-22,88830.0
2022-07-23,53883.0
2022-07-24,59879.0
2022-07-25,74061.0
2022-07-26,26783.0
2022-07-27,35080.0
2022-07-28,85140.0
2022-07-29,70129.0
2022-07-30,85382.0
2022-07-31,68263.0
2022-08-01,61195.0
2022-08-02,80832.0
2022-08-03,85966.0
2022-08-04,51581.0
2022-08-05,43403.0
2022-08-06,57611.0
2022-08-07,66685.0
2022-08-08,69417.0
2022-08-09,49948.0
2022-08-10,23766.0
2022-08-11,60932.0
2022-08-12,81655.0
2022-08-13,43027.0
2022-08-14,21782.0
2022-08-15,73818.0
2022-08-16,37341.0
2022-08-17,65699.0
2022-08-18,68928.0
2022-08-19,88069.0
2022-08-20,50212.0
2022-08-21,21047.0
2022-08-22,68195.0
2022-08-23,77274.0
2022-08-24,84999.0
2022-08-25,72395.0
2022-08-26,42830.0
2022-08-27,53610.0
2022-08-28,84176.0
2022-08-29,56567.0
2022-08-30,63825.0
2022-08-31,83787.0
2022-09-01,63012.0
2022-09-02,67145.0
2022-09-03,19869.0
2022-09-04,26111.0
2022-09-05,38222.0
2022-09-06,26933.0
2022-09-07,66110.0
2022-09-08,75579.0
2022-09-09,80736.0
2022-09-10,48268.0
2022-09-11,34258.0
2022-09-12,75716.0
2022-09-13,37707.0
2022-09-14,59571.0
2022-09-15,67757.0
2022-09-16,70052.0
2022-09-17,64418.0
2022-09-18,66370.0
2022-09-19,39956.0
2022-09-20,78073.0
2022-09-21,57234.0
2022-09-22,63345.0
2022-09-23,72479.0
2022-09-24,53821.0
2022-09-25,46130.0
2022-09-26,64338.0
2022-09-27,48941.0
2022-09-28,29223.0
2022-09-29,28775.0
2022-09-30,57107.0
2022-10-01,19062.0
2022-10-02,67145.0
2022-10-03,82511.0
2022-10-04,80346.0
2022-10-05,77472.0
2022-10-06,52224.0
2022-10-07,28286.0
2022-10-08,77093.0
2022-10-09,78549.0
2022-10-10,74409.0
2022-10-11,74134.0
2022-10-12,42616.0
2022-10-13,64577.0
2022-10-14,73124.0
2022-10-15,72684.0
2022-10-16,63024.0
2022-10-17,42059.0
2022-10-18,13168.0
2022-10-19,15290.0
2022-10-20,55232.0
2022-10-21,70205.0
2022-10-22,63888.0
2022-10-23,66402.0
2022-10-24,59392.0
2022-10-25,42194.0
2022-10-26,7952.0
2022-10-27,70085.0
2022-10-28,65733.0
2022-10-29,70274.0
2022-10-30,23857.0
2022-10-31,17300.0
2022-11-01,16038.0
2022-11-02,28913.0
2022-11-03,65993.0
2022-11-04,54348.0
2022-11-05,21244.0
2022-11-06,47601.0
2022-11-07,66142.0
2022-11-08,64715.0
2022-11-09,63525.0
2022-11-10,58425.0
2022-11-11,3466.0
2022-11-12,5960.0
2022-11-13,11698.0
2022-11-14,46287.0
2022-11-15,7433.0
2022-11-16,6109.0
2022-11-17,5484.0
2022-11-18,16189.0
2022-11-19,57436.0
2022-11-20,65634.0
2022-11-21,64768.0
2022-11-22,60753.0
2022-11-23,58882.0
2022-11-24,56738.0
2022-11-25,48938.0
2022-11-26,57553.0
2022-11-27,13885.0
2022-11-28,4576.0
2022-11-29,39314.0
2022-11-30,50627.0
2022-12-01,59696.0
2022-12-02,19202.0
2022-12-03,46373.0
2022-12-04,57036.0
2022-12-05,46907.0
2022-12-06,5188.0
2022-12-07,5416.0
2022-12-08,4945.0
2022-12-09,44658.0
2022-12-10,8174.0
2022-12-11,9477.0
2022-12-12,9303.0
2022-12-13,31515.0
2022-12-14,9491.0
2022-12-15,22502.0
2022-12-16,11327.0
2022-12-17,10009.0
2022-12-18,3320.0
2022-12-19,34246.0
2022-12-20,31986.0
2022-12-21,44148.0
2022-12-22,7741.0
2022-12-23,10698.0
2022-12-24,18589.0
2022-12-25,31344.0
2022-12-26,7815.0
2022-12-27,1965.0
2022-12-28,43476.0
2022-12-29,16595.0
2022-12-30,26579.0
2022-12-31,3028.0
2023-01-01,4186.0
2023-01-02,10300.0
2023-01-03,5348.0
2023-01-04,12767.0
2023-01-05,25195.0
2023-01-06,5424.0
2023-01-07,42367.0
2023-01-08,31518.0
2023-01-09,22743.0
2023-01-10,15110.0
2023-01-11,16306.0
2023-01-12,961.0
2023-01-13,5605.0
2023-01-14,16551.0
2023-01-15,56649.0
2023-01-16,25462.0
2023-01-17,29217.0
2023-01-18,5835.0
2023-01-19,50251.0
2023-01-20,4711.0
2023-01-21,7215.0
2023-01-22,337.0
2023-01-23,30.0
2023-01-24,17145.0
2023-01-25,837.0
2023-01-26,1119.0
2023-01-27,33381.0
2023-01-28,38624.0
2023-01-29,2776.0
2023-01-30,4012.0
2023-01-31,7369.0
2023-02-01,56219.0
2023-02-02,53885.0
2023-02-03,65368.0
2023-02-04,68954.0
2023-02-05,31359.0
2023-02-06,9219.0
2023-02-07,16894.0
2023-02-08,48968.0
2023-02-09,26317.0
2023-02-10,7559.0
2023-02-11,60625.0
2023-02-12,74257.0
2023-02-13,71950.0
2023-02-14,37905.0
2023-02-15,69600.0
2023-02-16,9337.0
2023-02-17,8237.0
2023-02-18,73396.0
2023-02-19,73574.0
2023-02-20,27495.0
2023-02-21,63449.0
2023-02-22,10079.0
2023-02-23,63391.0
2023-02-24,68856.0
2023-02-25,74255.0
2023-02-26,75408.0
2023-02-27,12077.0
2023-02-28,30028.0
2023-03-01,73319.0
2023-03-02,60697.0
2023-03-03,3680.0
2023-03-04,82399.0
2023-03-05,73422.0
2023-03-06,65970.0
2023-03-07,86947.0
2023-03-08,83951.0
2023-03-09,82121.0
2023-03-10,7514.0
2023-03-11,18953.0
2023-03-12,1510.0
2023-03-13,16674.0
2023-03-14,5728.0
2023-03-15,83045.0
2023-03-16,59211.0
2023-03-17,7632.0
2023-03-18,55978.0
2023-03-19,67307.0
2023-03-20,91156.0
2023-03-21,78977.0
2023-03-22,9930.0
2023-03-23,20978.0
2023-03-24,10261.0
2023-03-25,48514.0
2023-03-26,90102.0
2023-03-27,49655.0
2023-03-28,61478.0
2023-03-29,65697.0
2023-03-30,91393.0
2023-03-31,8651.0
2023-04-01,32718.0
2023-04-02,45265.0
2023-04-03,55481.0
2023-04-04,52544.0
2023-04-05,15858.0
2023-04-06,30614.0
2023-04-07,64593.0
2023-04-08,80252.0
2023-04-09,95763.0
2023-04-10,94658.0
2023-04-11,92205.0
2023-04-12,88704.0
2023-04-13,92007.0
2023-04-14,61255.0
2023-04-15,83334.0
2023-04-16,33381.0
2023-04-17,22478.0
2023-04-18,99616.0
2023-04-19,91595.0
2023-04-20,84729.0
2023-04-21,56092.0
2023-04-22,62083.0
2023-04-23,35608.0
2023-04-24,51423.0
2023-04-25,59989.0
2023-04-26,92599.0
2023-04-27,82688.0
2023-04-28,19257.0
2023-04-29,37996.0
2023-04-30,56609.0
2023-05-01,26112.0
2023-05-02,27231.0
2023-05-03,38972.0
2023-05-04,61361.0
2023-05-05,92238.0
2023-05-06,68308.0
2023-05-07,45969.0
2023-05-08,42047.0
2023-05-09,94654.0
2023-05-10,96032.0
2023-05-11,91430.0
2023-05-12,36260.0
2023-05-13,44546.0
2023-05-14,74329.0
2023-05-15,90114.0
2023-05-16,29346.0
2023-05-17,96763.0
2023-05-18,89352.0
2023-05-19,65590.0
2023-05-20,74980.0
2023-05-21,85320.0
2023-05-22,83955.0
2023-05-23,86283.0
2023-05-24,76789.0
2023-05-25,97528.0
2023-05-26,97619.0
2023-05-27,77984.0
2023-05-28,63135.0
2023-05-29,94807.0
2023-05-30,82408.0
2023-05-31,90094.0
2023-06-01,92270.0
2023-06-02,88095.0
2023-06-03,82951.0
2023-06-04,89978.0
2023-06-05,73553.0
2023-06-06,55580.0
2023-06-07,84848.0
2023-06-08,63713.0
2023-06-09,78256.0
2023-06-10,87922.0
2023-06-11,25756.0
2023-06-12,47203.0
2023-06-13,22802.0
2023-06-14,84332.0
2023-06-15,71704.0
2023-06-16,42182.0
2023-06-17,79962.0
2023-06-18,89397.0
2023-06-19,34601.0
2023-06-20,29150.0
2023-06-21,78214.0
2023-06-22,42415.0
2023-06-23,35698.0
2023-06-24,68598.0
2023-06-25,67970.0
2023-06-26,51351.0
2023-06-27,25127.0
2023-06-28,70011.0
2023-06-29,75382.0
2023-06-30,60093.0
2023-07-01,62427.0
2023-07-02,44385.0
2023-07-03,9616.0
2023-07-04,86526.0
2023-07-05,83763.0
2023-07-06,61675.0
2023-07-07,69254.0
2023-07-08,52758.0
2023-07-09,75472.0
2023-07-10,86542.0
2023-07-11,83326.0
2023-07-12,75718.0
2023-07-13,83613.0
2023-07-14,84391.0
2023-07-15,34100.0
2023-07-16,66751.0
2023-07-17,64402.0
2023-07-18,65774.0
2023-07-19,70348.0
2023-07-20,73034.0
2023-07-21,73391.0
2023-07-22,76026.0
2023-07-23,74417.0
2023-07-24,68135.0
2023-07-25,73569.0
2023-07-26,72578.0
2023-07-27,54115.0
2023-07-28,41245.0
2023-07-29,64514.0
2023-07-30,68947.0
2023-07-31,82765.0
2023-08-01,69746.0
2023-08-02,73308.0
2023-08-03,70329.0
2023-08-04,77124.0
2023-08-05,59932.0
2023-08-06,58016.0
2023-08-07,42602.0
2023-08-08,82208.0
2023-08-09,60169.0
2023-08-10,70404.0
2023-08-11,57090.0
2023-08-12,71662.0
2023-08-13,74323.0
2023-08-14,18994.0
2023-08-15,33882.0
2023-08-16,54209.0
2023-08-17,58413.0
2023-08-18,74783.0
2023-08-19,83452.0
2023-08-20,80172.0
2023-08-21,65276.0
2023-08-22,80679.0
2023-08-23,68797.0
2023-08-24,58176.0
2023-08-25,59725.0
2023-08-26,62267.0
2023-08-27,71238.0
2023-08-28,85246.0
2023-08-29,80795.0
2023-08-30,54217.0
2023-08-31,86724.0
2023-09-01,82405.0
2023-09-02,77463.0
2023-09-03,69288.0
2023-09-04,70947.0
2023-09-05,71961.0
2023-09-06,57177.0
2023-09-07,36354.0
2023-09-08,42969.0
2023-09-09,49550.0
2023-09-10,56332.0
2023-09-11,76264.0
2023-09-12,19708.0
2023-09-13,69794.0
2023-09-14,65193.0
2023-09-15,82217.0
2023-09-16,68274.0
2023-09-17,60233.0
2023-09-18,68551.0
2023-09-19,74114.0
2023-09-20,69353.0
2023-09-21,74416.0
2023-09-22,76178.0
2023-09-23,79475.0
2023-09-24,28106.0
2023-09-25,11819.0
2023-09-26,17956.0
2023-09-27,19806.0
2023-09-28,23198.0
2023-09-29,28455.0
2023-09-30,56509.0
2023-10-01,72664.0
2023-10-02,70002.0
2023-10-03,62798.0
2023-10-04,60370.0
2023-10-05,24404.0
2023-10-06,53037.0
2023-10-07,33185.0
2023-10-08,35476.0
2023-10-09,45071.0
2023-10-10,69016.0
2023-10-11,73981.0
2023-10-12,59088.0
2023-10-13,68066.0
2023-10-14,14248.0
2023-10-15,26218.0
2023-10-16,22333.0
2023-10-17,16789.0
2023-10-18,54446.0
2023-10-19,26755.0
2023-10-20,19832.0
2023-10-21,33358.0
2023-10-22,54872.0
2023-10-23,68983.0
2023-10-24,64036.0
2023-10-25,28282.0
2023-10-26,35858.0
2023-10-27,5776.0
2023-10-28,7001.0
2023-10-29,9445.0
2023-10-30,7746.0
2023-10-31,40468.0
2023-11-01,67821.0
2023-11-02,68747.0
2023-11-03,66478.0
2023-11-04,56319.0
2023-11-05,61971.0
2023-11-06,39253.0
2023-11-07,48010.0
2023-11-08,47914.0
2023-11-09,32284.0
2023-11-10,60030.0
2023-11-11,22433.0
2023-11-12,62825.0
2023-11-13,61768.0
2023-11-14,61050.0
2023-11-15,53509.0
2023-11-16,55252.0
2023-11-17,2910.0
2023-11-18,60811.0
2023-11-19,58215.0
2023-11-20,20324.0
2023-11-21,4109.0
2023-11-22,5444.0
2023-11-23,47120.0
2023-11-24,47897.0
2023-11-25,54005.0
2023-11-26,5010.0
2023-11-27,5047.0
2023-11-28,20922.0
2023-11-29,48002.0
2023-11-30,42899.0
2023-12-01,2873.0
2023-12-02,17746.0
2023-12-03,7416.0
2023-12-04,25596.0
2023-12-05,5167.0
2023-12-06,25648.0
2023-12-07,46323.0
2023-12-08,39871.0
2023-12-09,7084.0
2023-12-10,6423.0
2023-12-11,8658.0
2023-12-12,52943.0
2023-12-13,51925.0
2023-12-14,50108.0
2023-12-15,50572.0
2023-12-16,32262.0
2023-12-17,4741.0
2023-12-18,9594.0
2023-12-19,6341.0
2023-12-20,50537.0
2023-12-21,19320.0
2023-12-22,10307.0
2023-12-23,5020.0
2023-12-24,10626.0
2023-12-25,27861.0
2023-12-26,13348.0
2023-12-27,6905.0
2023-12-28,8157.0
2023-12-29,3265.0
2023-12-30,10941.0
2023-12-31,3998.0
2024-01-01,5473.0
2024-01-02,12178.0
2024-01-03,37211.0
2024-01-04,14147.0
2024-01-05,43190.0
2024-01-06,3424.0
2024-01-07,809.0
2024-01-08,14520.0
2024-01-09,1373.0
2024-01-10,3122.0
2024-01-11,16351.0
2024-01-12,3478.0
2024-01-13,16752.0
2024-01-14,58891.0
2024-01-15,44956.0
2024-01-16,36581.0
2024-01-17,42479.0
2024-01-18,9644.0
2024-01-19,962.0
2024-01-20,3236.0
2024-01-21,5179.0
2024-01-22,23665.0
2024-01-23,6832.0
2024-01-24,7387.0
2024-01-25,10404.0
2024-01-26,6737.0
2024-01-27,6371.0
2024-01-28,6277.0
2024-01-29,5857.0
2024-01-30,11745.0
2024-01-31,9265.0
2024-02-01,60340.0
2024-02-02,34666.0
2024-02-03,63133.0
2024-02-04,68499.0
2024-02-05,68058.0
2024-02-06,68047.0
2024-02-07,62750.0
2024-02-08,48288.0
2024-02-09,56471.0
2024-02-10,32142.0
2024-02-11,66088.0
2024-02-12,53210.0
2024-02-13,55922.0
2024-02-14,74894.0
2024-02-15,21748.0
2024-02-16,27264.0
2024-02-17,391.0
2024-02-18,5778.0
2024-02-19,68481.0
2024-02-20,76427.0
2024-02-21,68134.0
2024-02-22,5449.0
2024-02-23,51770.0
2024-02-24,22417.0
2024-02-25,75079.0
2024-02-26,72434.0
2024-02-27,31902.0
2024-02-28,9846.0
2024-02-29,83083.0
2024-03-01,26446.0
2024-03-02,13666.0
2024-03-03,70456.0
2024-03-04,61626.0
2024-03-05,37517.0
2024-03-06,12058.0
2024-03-07,17706.0
2024-03-08,22030.0
2024-03-09,9917.0
2024-03-10,28761.0
2024-03-11,86548.0
2024-03-12,73701.0
2024-03-13,80110.0
2024-03-14,43357.0
2024-03-15,15031.0
2024-03-16,85785.0
2024-03-17,55340.0
2024-03-18,19485.0
2024-03-19,70806.0
2024-03-20,70389.0
2024-03-21,89818.0
2024-03-22,21044.0
2024-03-23,54143.0
2024-03-24,91626.0
2024-03-25,81478.0
2024-03-26,12176.0
2024-03-27,40627.0
2024-03-28,73054.0
2024-03-29,89364.0
2024-03-30,29112.0
2024-03-31,65465.0
2024-04-01,38320.0
2024-04-02,27705.0
2024-04-03,41859.0
2024-04-04,58440.0
2024-04-05,33326.0
2024-04-06,50942.0
2024-04-07,87050.0
2024-04-08,69585.0
2024-04-09,26785.0
2024-04-10,13619.0
2024-04-11,13109.0
2024-04-12,24870.0
2024-04-13,95545.0
2024-04-14,75874.0
2024-04-15,83759.0
2024-04-16,81641.0
2024-04-17,50516.0
2024-04-18,87227.0
2024-04-19,43824.0
2024-04-20,96978.0
2024-04-21,57048.0
2024-04-22,93783.0
2024-04-23,41568.0
2024-04-24,47917.0
2024-04-25,92458.0
2024-04-26,78077.0
2024-04-27,62222.0
2024-04-28,74734.0
2024-04-29,73576.0
2024-04-30,67488.0
2024-05-01,79460.0
2024-05-02,86520.0
2024-05-03,29534.0
2024-05-04,26363.0
2024-05-05,45947.0
2024-05-06,21424.0
2024-05-07,46748.0
2024-05-08,82900.0
2024-05-09,22625.0
2024-05-10,72710.0
2024-05-11,52073.0
2024-05-12,94364.0
2024-05-13,79649.0
2024-05-14,20690.0
2024-05-15,39496.0
2024-05-16,69170.0
2024-05-17,38669.0
2024-05-18,77559.0
2024-05-19,83110.0
2024-05-20,85842.0
2024-05-21,83154.0
2024-05-22,62932.0
2024-05-23,64329.0
2024-05-24,76873.0
2024-05-25,72181.0
2024-05-26,45805.0
2024-05-27,61541.0
2024-05-28,59103.0
2024-05-29,56329.0
2024-05-30,94224.0
2024-05-31,93169.0
2024-06-01,75311.0
2024-06-02,18282.0
2024-06-03,82125.0
2024-06-04,66523.0
2024-06-05,32206.0
2024-06-06,64260.0
2024-06-07,85985.0
2024-06-08,76786.0
2024-06-09,82533.0
2024-06-10,33426.0
2024-06-11,80336.0
2024-06-12,90429.0
2024-06-13,84151.0
2024-06-14,71121.0
2024-06-15,88958.0
2024-06-16,88398.0
2024-06-17,49423.0
2024-06-18,61147.0
2024-06-19,54372.0
2024-06-20,82973.0
2024-06-21,74200.0
2024-06-22,64595.0
2024-06-23,49845.0
2024-06-24,75376.0
2024-06-25,53535.0
2024-06-26,27282.0
2024-06-27,80601.0
2024-06-28,82957.0
2024-06-29,34916.0
2024-06-30,87335.0
