Time,System Production (Wh)
1/1/19,754
1/2/19,1526
1/3/19,113446
1/4/19,781154
1/5/19,2222087
1/6/19,1092241
1/7/19,263035
1/8/19,2352534
1/9/19,2648737
1/10/19,3097137
1/11/19,718397
1/12/19,507971
1/13/19,654909
1/14/19,1479633
1/15/19,387643
1/16/19,2667916
1/17/19,679645
1/18/19,936602
1/19/19,1115725
1/20/19,1383230
1/21/19,1134035
1/22/19,103516
1/23/19,1271
1/24/19,10382
1/25/19,347507
1/26/19,343443
1/27/19,135157
1/28/19,13
1/29/19,2237
1/30/19,4775
1/31/19,4569
2/1/19,1214
2/2/19,1513
2/3/19,457566
2/4/19,611863
2/5/19,2357871
2/6/19,551711
2/7/19,477304
2/8/19,2555511
2/9/19,2668690
2/10/19,693600
2/11/19,178814
2/12/19,596
2/13/19,613834
2/14/19,1014097
2/15/19,3066869
2/16/19,2819955
2/17/19,179394
2/18/19,538258
2/19/19,908231
2/20/19,42440
2/21/19,533867
2/22/19,981030
2/23/19,303474
2/24/19,1151671
2/25/19,1325845
2/26/19,554158
2/27/19,583762
2/28/19,863913
3/1/19,1082851
3/2/19,185213
3/3/19,1100857
3/4/19,1728929
3/5/19,1674650
3/6/19,1960486
3/7/19,1573122
3/8/19,2080336
3/9/19,1153702
3/10/19,781015
3/11/19,3442566
3/12/19,2821075
3/13/19,1536434
3/14/19,3160349
3/15/19,2604017
3/16/19,6135172
3/17/19,5900687
3/18/19,5283480
3/19/19,5503315
3/20/19,2884725
3/21/19,4122821
3/22/19,6881313
3/23/19,6839285
3/24/19,1441930
3/25/19,7169476
3/26/19,6686862
3/27/19,4824289
3/28/19,6018746
3/29/19,4417095
3/30/19,0
3/31/19,0
4/1/19,2799220
4/2/19,2661989
4/3/19,5677339
4/4/19,691872
4/5/19,4357490
4/6/19,3633593
4/7/19,2366630
4/8/19,6829330
4/9/19,6474428
4/10/19,837630
4/11/19,151418
4/12/19,2220147
4/13/19,3310458
4/14/19,2000944
4/15/19,6801218
4/16/19,5918992
4/17/19,2408281
4/18/19,1699985
4/19/19,8249423
4/20/19,8110627
4/21/19,7433689
4/22/19,4709327
4/23/19,7668123
4/24/19,8040274
4/25/19,4997803
4/26/19,8382489
4/27/19,1249413
4/28/19,5098984
4/29/19,1958292
4/30/19,1246564
5/1/19,2820790
5/2/19,2137385
5/3/19,4318086
5/4/19,7206738
5/5/19,5422396
5/6/19,4631272
5/7/19,6568267
5/8/19,1394247
5/9/19,2626652
5/10/19,6765364
5/11/19,3641400
5/12/19,4260192
5/13/19,7398040
5/14/19,6069521
5/15/19,6691014
5/16/19,2915978
5/17/19,2677954
5/18/19,2873887
5/19/19,4088389
5/20/19,4919861
5/21/19,2827714
5/22/19,6979755
5/23/19,10253571
5/24/19,5001350
5/25/19,8853964
5/26/19,9267946
5/27/19,3364214
5/28/19,3423048
5/29/19,6354910
5/30/19,6123589
5/31/19,10999999
6/1/19,5382250
6/2/19,10857364
6/3/19,5984067
6/4/19,3642354
6/5/19,9664932
6/6/19,10192781
6/7/19,10287297
6/8/19,10118351
6/9/19,4324569
6/10/19,9278807
6/11/19,7462010
6/12/19,2170733
6/13/19,11246719
6/14/19,8423759
6/15/19,6042648
6/16/19,3470242
6/17/19,9483655
6/18/19,9477609
6/19/19,3261544
6/20/19,8237220
6/21/19,6067072
6/22/19,9333029
6/23/19,5092488
6/24/19,3566483
6/25/19,8587429
6/26/19,10034949
6/27/19,8166683
6/28/19,7141330
6/29/19,9688682
6/30/19,4097908
7/1/19,8435704
7/2/19,8940585
7/3/19,6212334
7/4/19,8497213
7/5/19,8640361
7/6/19,4900515
7/7/19,10049206
7/8/19,9243093
7/9/19,8700010
7/10/19,9930596
7/11/19,9951905
7/12/19,10519876
7/13/19,8999335
7/14/19,10155704
7/15/19,8092635
7/16/19,10062954
7/17/19,8296088
7/18/19,6962730
7/19/19,8668137
7/20/19,5589941
7/21/19,9148056
7/22/19,10567178
7/23/19,10590912
7/24/19,11128611
7/25/19,9691699
7/26/19,5909275
7/27/19,7859468
7/28/19,7738928
7/29/19,7175540
7/30/19,8119520
7/31/19,8464380
8/1/19,2805487
8/2/19,3047516
8/3/19,9688777
8/4/19,10063612
8/5/19,8325577
8/6/19,10049133
8/7/19,10323385
8/8/19,9342920
8/9/19,9137204
8/10/19,7239316
8/11/19,3191123
8/12/19,4065702
8/13/19,6764653
8/14/19,2766522
8/15/19,9729680
8/16/19,7402920
8/17/19,9087417
8/18/19,6945540
8/19/19,11009203
8/20/19,6354736
8/21/19,7663249
8/22/19,1138302
8/23/19,8450057
8/24/19,8019490
8/25/19,6765197
8/26/19,1571104
8/27/19,9931601
8/28/19,9841279
8/29/19,9635852
8/30/19,9748915
8/31/19,5285572
9/1/19,8754462
9/2/19,8561084
9/3/19,4690474
9/4/19,4898390
9/5/19,10121909
9/6/19,4753384
9/7/19,6393294
9/8/19,2678596
9/9/19,3003468
9/10/19,5869432
9/11/19,5529508
9/12/19,2166658
9/13/19,6328502
9/14/19,8198575
9/15/19,2678121
9/16/19,8105768
9/17/19,7797258
9/18/19,8212402
9/19/19,2977616
9/20/19,6154252
9/21/19,1201322
9/22/19,1681445
9/23/19,7602621
9/24/19,7585798
9/25/19,5486932
9/26/19,7399099
9/27/19,793974
9/28/19,4194840
9/29/19,930376
9/30/19,6048036
10/1/19,980561
10/2/19,1421895
10/3/19,4495797
10/4/19,3740815
10/5/19,1197791
10/6/19,5693767
10/7/19,7983072
10/8/19,7771307
10/9/19,7539361
10/10/19,3090623
10/11/19,1508470
10/12/19,5976765
10/13/19,1356745
10/14/19,7982998
10/15/19,2909413
10/16/19,5603839
10/17/19,3358349
10/18/19,7303798
10/19/19,4236123
10/20/19,5742554
10/21/19,2580308
10/22/19,1157527
10/23/19,6310643
10/24/19,4091978
10/25/19,7261915
10/26/19,2933635
10/27/19,6806890
10/28/19,1454909
10/29/19,389367
10/30/19,726033
10/31/19,26962
11/1/19,264625
11/2/19,1129683
11/3/19,2672406
11/4/19,2628371
11/5/19,5808280
11/6/19,15
11/7/19,58507
11/8/19,78367
11/9/19,881733
11/10/19,1139914
11/11/19,709120
11/12/19,1849335
11/13/19,720944
11/14/19,472652
11/15/19,3611021
11/16/19,3522548
11/17/19,1078612
11/18/19,640946
11/19/19,980064
11/20/19,1403887
11/21/19,364053
11/22/19,4813237
11/23/19,4444341
11/24/19,2390789
11/25/19,1650298
11/26/19,2962878
11/27/19,1069252
11/28/19,878874
11/29/19,932559
11/30/19,368885
12/1/19,665370
12/2/19,4843321
12/3/19,4266654
12/4/19,4679052
12/5/19,2867807
12/6/19,4753146
12/7/19,3622040
12/8/19,2546855
12/9/19,349352
12/10/19,4348662
12/11/19,4882973
12/12/19,338538
12/13/19,607696
12/14/19,965132
12/15/19,4121360
12/16/19,1745087
12/17/19,1549116
12/18/19,3438035
12/19/19,3687655
12/20/19,2869950
12/21/19,3971015
12/22/19,3866591
12/23/19,3053909
12/24/19,2488337
12/25/19,3400521
12/26/19,2490074
12/27/19,2936245
12/28/19,556155
12/29/19,1379420
12/30/19,768523
12/31/19,1706086
1/1/20,3715537
1/2/20,3527850
1/3/20,779601
1/4/20,1956510
1/5/20,1300095
1/6/20,4212038
1/7/20,3044521
1/8/20,4024709
1/9/20,973669
1/10/20,2544737
1/11/20,20426
1/12/20,46467
1/13/20,304
1/14/20,7924
1/15/20,11361
1/16/20,219113
1/17/20,39903
1/18/20,6590
1/19/20,65152
1/20/20,59564
1/21/20,82493
1/22/20,37637
1/23/20,371
1/24/20,415
1/25/20,114
1/26/20,641
1/27/20,3041
1/28/20,3320
1/29/20,5630
1/30/20,12725
1/31/20,6721
2/1/20,52924
2/2/20,682876
2/3/20,3392450
2/4/20,3246506
2/5/20,2376999
2/6/20,5174637
2/7/20,4590921
2/8/20,3718072
2/9/20,87006
2/10/20,92464
2/11/20,382384
2/12/20,487693
2/13/20,1031531
2/14/20,1396100
2/15/20,1228990
2/16/20,2632006
2/17/20,353946
2/18/20,44873
2/19/20,90591
2/20/20,170237
2/21/20,297873
2/22/20,970940
2/23/20,4077534
2/24/20,3940428
2/25/20,4932248
2/26/20,3493504
2/27/20,5449117
2/28/20,7678629
2/29/20,7251198
3/1/20,6532231
3/2/20,6966313
3/3/20,4019046
3/4/20,8889817
3/5/20,3494463
3/6/20,8901931
3/7/20,8703691
3/8/20,8345118
3/9/20,857301
3/10/20,9049842
3/11/20,1474936
3/12/20,2507627
3/13/20,9456664
3/14/20,2664236
3/15/20,6138432
3/16/20,2434986
3/17/20,9570213
3/18/20,363443
3/19/20,849337
3/20/20,4962120
3/21/20,9676989
3/22/20,4900108
3/23/20,4735861
3/24/20,5528018
3/25/20,4328218
3/26/20,1617379
3/27/20,6154348
3/28/20,1466437
3/29/20,1876184
3/30/20,7729099
3/31/20,1970340
4/1/20,8055605
4/2/20,8696955
4/3/20,5261523
4/4/20,9537655
4/5/20,8811061
4/6/20,4939944
4/7/20,7577419
4/8/20,2551996
4/9/20,7823188
4/10/20,8677698
4/11/20,6120588
4/12/20,2214273
4/13/20,8485902
4/14/20,6632987
4/15/20,7916135
4/16/20,9998611
4/17/20,7345253
4/18/20,10671311
4/19/20,10775467
4/20/20,8854031
4/21/20,10851833
4/22/20,7115992
4/23/20,4183151
4/24/20,5503188
4/25/20,5513486
4/26/20,9836434
4/27/20,3184919
4/28/20,4962193
4/29/20,1179209
4/30/20,10515420
5/1/20,8033116
5/2/20,7634272
5/3/20,10253146
5/4/20,8516206
5/5/20,5185152
5/6/20,8027076
5/7/20,10070305
5/8/20,9996258
5/9/20,2532853
5/10/20,17355
5/11/20,63449
5/12/20,76397
5/13/20,75070
5/14/20,21835
5/15/20,909537
5/16/20,1568300
5/17/20,448974
5/18/20,1136520
5/19/20,1139696
5/20/20,5078003
5/21/20,2584038
5/22/20,3973273
5/23/20,4442659
5/24/20,8862653
5/25/20,8562891
5/26/20,8850327
5/27/20,9789302
5/28/20,2220056
5/29/20,7412348
5/30/20,8999477
5/31/20,9973773
6/1/20,6309454
6/2/20,10616869
6/3/20,10059817
6/4/20,10187664
6/5/20,7806456
6/6/20,9797803
6/7/20,9758483
6/8/20,10847909
6/9/20,4535294
6/10/20,5731058
6/11/20,8972887
6/12/20,9488195
6/13/20,10875622
6/14/20,10902678
6/15/20,10441479
6/16/20,10773901
6/17/20,10253220
6/18/20,9093778
6/19/20,6609926
6/20/20,3467286
6/21/20,7869323
6/22/20,2589480
6/23/20,6506912
6/24/20,6982325
6/25/20,9179336
6/26/20,2286628
6/27/20,6858789
6/28/20,6380466
6/29/20,3537024
6/30/20,7494021
7/1/20,7907270
7/2/20,7628183
7/3/20,7400945
7/4/20,8303197
7/5/20,8343623
7/6/20,6795335
7/7/20,6938500
7/8/20,8447052
7/9/20,5970587
7/10/20,7362834
7/11/20,7591429
7/12/20,7252470
7/13/20,7395971
7/14/20,7241068
7/15/20,1758754
7/16/20,7389672
7/17/20,7776938
7/18/20,5837892
7/19/20,8633412
7/20/20,6994264
7/21/20,5745697
7/22/20,8725692
7/23/20,6651717
7/24/20,8795897
7/25/20,7955378
7/26/20,6306918
7/27/20,7186208
7/28/20,6886187
7/29/20,8202089
7/30/20,6100800
7/31/20,7042335
8/1/20,6060035
8/2/20,5571320
8/3/20,3640177
8/4/20,7532439
8/5/20,7228266
8/6/20,7491728
8/7/20,8394756
8/8/20,8348555
8/9/20,4292964
8/10/20,3440670
8/11/20,9157901
8/12/20,8928503
8/13/20,7389739
8/14/20,2137837
8/15/20,3345900
8/16/20,8064810
8/17/20,6836175
8/18/20,7349069
8/19/20,8149891
8/20/20,9097651
8/21/20,10547222
8/22/20,7180347
8/23/20,9572114
8/24/20,8227155
8/25/20,8395908
8/26/20,9187574
8/27/20,8444268
8/28/20,6040617
8/29/20,9651996
8/30/20,10217133
8/31/20,3965090
9/1/20,6008333
9/2/20,9956390
9/3/20,8766358
9/4/20,9908991
9/5/20,9869727
9/6/20,4325634
9/7/20,5721702
9/8/20,1199061
9/9/20,1308272
9/10/20,2236221
9/11/20,2028151
9/12/20,1899137
9/13/20,6525012
9/14/20,6733808
9/15/20,8430639
9/16/20,6355463
9/17/20,7887388
9/18/20,7602200
9/19/20,9656865
9/20/20,7781399
9/21/20,8052211
9/22/20,7595297
9/23/20,7557100
9/24/20,4412781
9/25/20,8262203
9/26/20,4258409
9/27/20,1110913
9/28/20,3097931
9/29/20,3081879
9/30/20,4441496
10/1/20,4559092
10/2/20,5263827
10/3/20,2936364
10/4/20,8338263
10/5/20,8203236
10/6/20,7216898
10/7/20,7986777
10/8/20,7859860
10/9/20,6733243
10/10/20,7209688
10/11/20,3091260
10/12/20,2607079
10/13/20,4987749
10/14/20,3155299
10/15/20,7380354
10/16/20,6450891
10/17/20,2895834
10/18/20,3905817
10/19/20,2181792
10/20/20,3277394
10/21/20,5885889
10/22/20,513720
10/23/20,1298467
10/24/20,3845833
10/25/20,1536738
10/26/20,3131194
10/27/20,6181233
10/28/20,5963840
10/29/20,2241121
10/30/20,6743962
10/31/20,6367795
11/1/20,5763592
11/2/20,5889323
11/3/20,6180338
11/4/20,5923914
11/5/20,5322400
11/6/20,5511506
11/7/20,5591259
11/8/20,4835490
11/9/20,4022080
11/10/20,232993
11/11/20,5893962
11/12/20,5068818
11/13/20,5746648
11/14/20,1996930
11/15/20,777686
11/16/20,3093085
11/17/20,5620052
11/18/20,4908264
11/19/20,3608791
11/20/20,4411085
11/21/20,4959130
11/22/20,2317926
11/23/20,4686748
11/24/20,0
11/25/20,474431
11/26/20,2464089
11/27/20,3819072
11/28/20,4839391
11/29/20,3414669
11/30/20,1335228
12/1/20,4888179
12/2/20,4806167
12/3/20,2696546
12/4/20,4571719
12/5/20,3134828
12/6/20,2919156
12/7/20,967691
12/8/20,879057
12/9/20,4283535
12/10/20,4104749
12/11/20,366873
12/12/20,59600
12/13/20,114109
12/14/20,340927
12/15/20,230275
12/16/20,321992
12/17/20,299375
12/18/20,501443
12/19/20,229984
12/20/20,681567
12/21/20,1163397
12/22/20,1045979
12/23/20,1684832
12/24/20,2005909
12/25/20,4374752
12/26/20,3485703
12/27/20,1089327
12/28/20,580911
12/29/20,268239
12/30/20,205354
12/31/20,483170
1/1/21,125973
1/2/21,71486
1/3/21,119480
1/4/21,98355
1/5/21,582326
1/6/21,465941
1/7/21,479219
1/8/21,391078
1/9/21,1320745
1/10/21,344973
1/11/21,1136167
1/12/21,1966383
1/13/21,1571841
1/14/21,1323192
1/15/21,563571
1/16/21,409840
1/17/21,1285113
1/18/21,879240
1/19/21,1181585
1/20/21,1515027
1/21/21,4172184
1/22/21,4977040
1/23/21,4082942
1/24/21,100020
1/25/21,392355
1/26/21,749454
1/27/21,1548316
1/28/21,1374916
1/29/21,897577
1/30/21,621961
1/31/21,268602
2/1/21,728013
2/2/21,785158
2/3/21,1177130
2/4/21,58963
2/5/21,256334
2/6/21,248178
2/7/21,428509
2/8/21,268975
2/9/21,590078
2/10/21,501560
2/11/21,533550
2/12/21,90795
2/13/21,66655
2/14/21,127960
2/15/21,302619
2/16/21,689435
2/17/21,836626
2/18/21,1035845
2/19/21,1246000
2/20/21,1453514
2/21/21,560477
2/22/21,122508
2/23/21,1525645
2/24/21,1619823
2/25/21,4598625
2/26/21,5102541
2/27/21,6045343
2/28/21,1712878
3/1/21,8138148
3/2/21,8257712
3/3/21,8293184
3/4/21,8672196
3/5/21,7820205
3/6/21,8954433
3/7/21,7490162
3/8/21,8392099
3/9/21,7961122
3/10/21,3256675
3/11/21,6780879
3/12/21,8236794
3/13/21,8840227
3/14/21,6424928
3/15/21,1115598
3/16/21,497282
3/17/21,878253
3/18/21,9428593
3/19/21,10168381
3/20/21,10133637
3/21/21,8364555
3/22/21,3772785
3/23/21,1997680
3/24/21,1476719
3/25/21,2210939
3/26/21,5790974
3/27/21,1042296
3/28/21,9732563
3/29/21,10094142
3/30/21,8236829
3/31/21,6227657
4/1/21,10604649
4/2/21,10225305
4/3/21,10296382
4/4/21,9976820
4/5/21,6158476
4/6/21,7536426
4/7/21,6796621
4/8/21,4797289
4/9/21,4360369
4/10/21,2308978
4/11/21,3420219
4/12/21,7743486
4/13/21,3867503
4/14/21,3846326
4/15/21,4636645
4/16/21,10368967
4/17/21,10576552
4/18/21,8207772
4/19/21,4682248
4/20/21,5208957
4/21/21,6954586
4/22/21,10894636
4/23/21,7416545
4/24/21,6635570
4/25/21,9602329
4/26/21,7113345
4/27/21,7489042
4/28/21,6618175
4/29/21,7747319
4/30/21,11115452
5/1/21,8354154
5/2/21,10528511
5/3/21,2158534
5/4/21,5598470
5/5/21,9555513
5/6/21,7103732
5/7/21,7603601
5/8/21,9140901
5/9/21,9348529
5/10/21,6816587
5/11/21,10402592
5/12/21,9274686
5/13/21,10051825
5/14/21,9806590
5/15/21,3371241
5/16/21,7975163
5/17/21,8648726
5/18/21,5328321
5/19/21,4178645
5/20/21,6718311
5/21/21,3799349
5/22/21,7837381
5/23/21,6389299
5/24/21,7591454
5/25/21,6928322
5/26/21,10241029
5/27/21,1679653
5/28/21,2160529
5/29/21,10052556
5/30/21,8067862
5/31/21,8079613
6/1/21,8626056
6/2/21,9434689
6/3/21,10637449
6/4/21,10195914
6/5/21,10637938
6/6/21,9906197
6/7/21,6059217
6/8/21,9379897
6/9/21,9378407
6/10/21,9193928
6/11/21,6428868
6/12/21,10944174
6/13/21,10574415
6/14/21,8929785
6/15/21,8340487
6/16/21,10207285
6/17/21,8402380
6/18/21,9259405
6/19/21,10166918
6/20/21,3136612
6/21/21,7892245
6/22/21,9281868
6/23/21,5717368
6/24/21,2725091
6/25/21,3754805
6/26/21,3451201
6/27/21,6996877
6/28/21,6531594
6/29/21,4141334
6/30/21,8500695
7/1/21,10548779
7/2/21,10937793
7/3/21,10601381
7/4/21,9900189
7/5/21,8982941
7/6/21,9565749
7/7/21,2780236
7/8/21,4347581
7/9/21,7967034
7/10/21,8222677
7/11/21,10655396
7/12/21,4716353
7/13/21,7261611
7/14/21,4317641
7/15/21,6886371
7/16/21,8768174
7/17/21,8931788
7/18/21,10401409
7/19/21,10010551
7/20/21,9212204
7/21/21,5727897
7/22/21,7714331
7/23/21,7843263
7/24/21,7694991
7/25/21,10367015
7/26/21,9675214
7/27/21,7359646
7/28/21,6566210
7/29/21,7811533
7/30/21,7307003
7/31/21,10271547
8/1/21,9033059
8/2/21,10435762
8/3/21,8475854
8/4/21,10176428
8/5/21,7127435
8/6/21,7530252
8/7/21,2716045
8/8/21,7265181
8/9/21,5696113
8/10/21,7678485
8/11/21,6212292
8/12/21,9616169
8/13/21,10555127
8/14/21,11022945
8/15/21,10729559
8/16/21,8776531
8/17/21,10609964
8/18/21,8386369
8/19/21,8874692
8/20/21,9060916
8/21/21,5893619
8/22/21,9856805
8/23/21,7322239
8/24/21,5127124
8/25/21,6101011
8/26/21,6291526
8/27/21,6305486
8/28/21,6609321
8/29/21,8303790
8/30/21,8899023
8/31/21,4421581
9/1/21,8921224
9/2/21,7135866
9/3/21,1768170
9/4/21,1823615
9/5/21,8414883
9/6/21,8921198
9/7/21,4607486
9/8/21,7003674
9/9/21,6471660
9/10/21,8873214
9/11/21,7143732
9/12/21,2306124
9/13/21,2648583
9/14/21,5033840
9/15/21,8690616
9/16/21,9155223
9/17/21,7714878
9/18/21,9024761
9/19/21,7834152
9/20/21,4228671
9/21/21,6797968
9/22/21,8029093
9/23/21,9186439
9/24/21,7100294
9/25/21,7221327
9/26/21,7077961
9/27/21,7848442
9/28/21,8424730
9/29/21,7784889
9/30/21,7444211
10/1/21,6738639
10/2/21,4199606
10/3/21,2833839
10/4/21,2352966
10/5/21,2815531
10/6/21,6393305
10/7/21,1289821
10/8/21,3645705
10/9/21,6367066
10/10/21,1899218
10/11/21,1352045
10/12/21,1561390
10/13/21,1986814
10/14/21,5932926
10/15/21,3105489
10/16/21,7174072
10/17/21,7110070
10/18/21,6711843
10/19/21,6132871
10/20/21,4429311
10/21/21,1662197
10/22/21,4795278
10/23/21,6827329
10/24/21,1585884
10/25/21,3811480
10/26/21,6337951
10/27/21,5354774
10/28/21,420331
10/29/21,1017792
10/30/21,4664175
10/31/21,5083670
11/1/21,4755231
11/2/21,5978842
11/3/21,4821480
11/4/21,4913927
11/5/21,5708051
11/6/21,5488052
11/7/21,4022156
11/8/21,5078480
11/9/21,4490108
11/10/21,2892789
11/11/21,901185
11/12/21,1889538
11/13/21,1551665
11/14/21,1216628
11/15/21,1343801
11/16/21,0
11/17/21,0
11/18/21,0
11/19/21,0
11/20/21,0
11/21/21,0
11/22/21,0
11/23/21,0
11/24/21,0
11/25/21,0
11/26/21,0
11/27/21,0
11/28/21,0
11/29/21,0
11/30/21,0
12/1/21,0
12/2/21,0
12/3/21,0
12/4/21,0
12/5/21,0
12/6/21,0
12/7/21,0
12/8/21,0
12/9/21,0
12/10/21,1056801
12/11/21,3101440
12/12/21,4082639
12/13/21,3958939
12/14/21,1781340
12/15/21,938072
12/16/21,1856541
12/17/21,3286287
12/18/21,2437032
12/19/21,1932934
12/20/21,3724530
12/21/21,2217514
12/22/21,2093278
12/23/21,1515467
12/24/21,399799
12/25/21,3707306
12/26/21,3022372
12/27/21,281357
12/28/21,66498
12/29/21,37616
12/30/21,3406
12/31/21,0
1/1/22,886
1/2/22,77162
1/3/22,78938
1/4/22,45274
1/5/22,54632
1/6/22,83155
1/7/22,150222
1/8/22,34537
1/9/22,201623
1/10/22,217192
1/11/22,222496
1/12/22,359559
1/13/22,1592619
1/14/22,1004958
1/15/22,3105225
1/16/22,2052419
1/17/22,2481323
1/18/22,2911707
1/19/22,5182659
1/20/22,5247206
1/21/22,5289128
1/22/22,4774374
1/23/22,165066
1/24/22,30685
1/25/22,132836
1/26/22,170316
1/27/22,605695
1/28/22,2223778
1/29/22,1601989
1/30/22,1654275
1/31/22,2525364
2/1/22,3331633
2/2/22,2801557
2/3/22,5688868
2/4/22,3052377
2/5/22,3296200
2/6/22,4453038
2/7/22,6192172
2/8/22,4838876
2/9/22,1519484
2/10/22,3860104
2/11/22,1756971
2/12/22,6663555
2/13/22,6922021
2/14/22,5124328
2/15/22,5086343
2/16/22,374642
2/17/22,1915694
2/18/22,5410560
2/19/22,7011840
2/20/22,7075745
2/21/22,1621214
2/22/22,462692
2/23/22,5275940
2/24/22,2303709
2/25/22,2808930
2/26/22,8125487
2/27/22,7853760
2/28/22,7332332
3/1/22,5859855
3/2/22,2941194
3/3/22,5966898
3/4/22,5111439
3/5/22,2453138
3/6/22,3566879
3/7/22,59083
3/8/22,1641064
3/9/22,8358129
3/10/22,6553798
3/11/22,8445136
3/12/22,9925812
3/13/22,8888863
3/14/22,6386606
3/15/22,7627437
3/16/22,8368388
3/17/22,1979192
3/18/22,1203226
3/19/22,3517813
3/20/22,9288714
3/21/22,7470042
3/22/22,849908
3/23/22,1716525
3/24/22,2340591
3/25/22,2460119
3/26/22,5304558
3/27/22,10860389
3/28/22,10099306
3/29/22,3240128
3/30/22,1212875
3/31/22,177168
4/1/22,7733542
4/2/22,1121344
4/3/22,8363785
4/4/22,2511917
4/5/22,5797320
4/6/22,4474318
4/7/22,4388264
4/8/22,2369108
4/9/22,11157967
4/10/22,8771430
4/11/22,9169401
4/12/22,4968480
4/13/22,2174986
4/14/22,7802460
4/15/22,6773571
4/16/22,8563076
4/17/22,10006666
4/18/22,1094634
4/19/22,10049664
4/20/22,1948161
4/21/22,11530614
4/22/22,1062750
4/23/22,9602212
4/24/22,9058832
4/25/22,4453230
4/26/22,7429302
4/27/22,6703026
4/28/22,4700112
4/29/22,6367771
4/30/22,4268791
5/1/22,1729340
5/2/22,3472608
5/3/22,3266581
5/4/22,11295602
5/5/22,8532860
5/6/22,6493037
5/7/22,11897240
5/8/22,3115017
5/9/22,10706874
5/10/22,7855108
5/11/22,8428321
5/12/22,9481335
5/13/22,10495205
5/14/22,10943002
5/15/22,9005329
5/16/22,10121419
5/17/22,8093092
5/18/22,4720992
5/19/22,6551814
5/20/22,2371788
5/21/22,8396714
5/22/22,10862472
5/23/22,8392819
5/24/22,6459407
5/25/22,1760990
5/26/22,5188146
5/27/22,6817482
5/28/22,9490850
5/29/22,7428781
5/30/22,11606289
5/31/22,6599951
6/1/22,10713040
6/2/22,11697027
6/3/22,12516089
6/4/22,3608322
6/5/22,7054123
6/6/22,3566811
6/7/22,8909893
6/8/22,2195662
6/9/22,10932184
6/10/22,6977998
6/11/22,4329860
6/12/22,7039989
6/13/22,4617755
6/14/22,11800699
6/15/22,9906117
6/16/22,12132080
6/17/22,10939643
6/18/22,10583779
6/19/22,10180356
6/20/22,10068415
6/21/22,9717049
6/22/22,10207655
6/23/22,10064030
6/24/22,10031517
6/25/22,1336928
6/26/22,10510982
6/27/22,10696080
6/28/22,9154686
6/29/22,10120731
6/30/22,8461566
7/1/22,7530285
7/2/22,7711316
7/3/22,9626670
7/4/22,3211784
7/5/22,5300160
7/6/22,6119526
7/7/22,7910807
7/8/22,5243550
7/9/22,8693589
7/10/22,8671590
7/11/22,6772945
7/12/22,10187292
7/13/22,9978246
7/14/22,11690572
7/15/22,3553436
7/16/22,9091795
7/17/22,9126579
7/18/22,11428253
7/19/22,8484384
7/20/22,9217709
7/21/22,10328776
7/22/22,10744230
7/23/22,8159797
7/24/22,8834887
7/25/22,10589458
7/26/22,8756782
7/27/22,9300064
7/28/22,10304719
7/29/22,9930302
7/30/22,9794118
7/31/22,10552749
8/1/22,8138187
8/2/22,10941130
8/3/22,3350606
8/4/22,10041755
8/5/22,11047155
8/6/22,8780146
8/7/22,3542918
8/8/22,4156590
8/9/22,11178721
8/10/22,10381421
8/11/22,9578474
8/12/22,3816542
8/13/22,5007824
8/14/22,2690470
8/15/22,7948097
8/16/22,9040088
8/17/22,10010118
8/18/22,8868543
8/19/22,4643255
8/20/22,3830925
8/21/22,6051391.5
8/22/22,9508453
8/23/22,9562740
8/24/22,9654784
8/25/22,5498429.5
8/26/22,8992481
8/27/22,5972459
8/28/22,4482969
8/29/22,5658601.5
8/30/22,10207670
8/31/22,9599024
9/1/22,9134833
9/2/22,7167501.5
9/3/22,1909523.375
9/4/22,2737551
9/5/22,4617578
9/6/22,8775918
9/7/22,8453153
9/8/22,8423662
9/9/22,9109663
9/10/22,5711456.5
9/11/22,704070
9/12/22,1737302.875
9/13/22,8849396
9/14/22,7141970.5
9/15/22,7276316.5
9/16/22,8113238
9/17/22,4864702.5
9/18/22,5704223.5
9/19/22,8341954.5
9/20/22,5062227
9/21/22,5100088
9/22/22,7098948
9/23/22,3926563.5
9/24/22,1440984.875
9/25/22,3534808.5
9/26/22,4754781.5
9/27/22,4814574
9/28/22,7618154
9/29/22,7140978
9/30/22,6892176
10/1/22,6758772
10/2/22,5192668
10/3/22,6691117
10/4/22,6327170
10/5/22,5151885
10/6/22,2604956
10/7/22,5952942.5
10/8/22,6805306.5
10/9/22,4054615
10/10/22,5949260
10/11/22,3665763.5
10/12/22,3062886.5
10/13/22,2653966.25
10/14/22,2585808.75
10/15/22,6394301
10/16/22,1320133.875
10/17/22,2766512.75
10/18/22,6532811.5
10/19/22,5760615.5
10/20/22,5327904.5
10/21/22,5612975
10/22/22,5520589.5
10/23/22,4821550
10/24/22,2754873.75
10/25/22,1000516.688
10/26/22,5848484
10/27/22,4782153
10/28/22,5379725
10/29/22,5389791.5
10/30/22,23747
10/31/22,31451
11/1/22,33234
11/2/22,32648
11/3/22,31169
11/4/22,3226
11/5/22,6203
11/6/22,19600
11/7/22,34448
11/8/22,27140
11/9/22,10993
11/10/22,16246
11/11/22,18160
11/12/22,9966
11/13/22,21994
11/14/22,23139
11/15/22,181
11/16/22,285
11/17/22,75
11/18/22,143
11/19/22,116
11/20/22,298
11/21/22,584
11/22/22,2260
11/23/22,14444
11/24/22,9195
11/25/22,26665
11/26/22,26966
11/27/22,7186
11/28/22,21048
11/29/22,870
11/30/22,15904
12/1/22,25812
12/2/22,17004
12/3/22,26810
12/4/22,25760
12/5/22,6976
12/6/22,4642
12/7/22,4171
12/8/22,13601
12/9/22,0
12/10/22,305
12/11/22,1494
12/12/22,2496
12/13/22,3143
12/14/22,1587
12/15/22,0
12/16/22,0
12/17/22,0
12/18/22,9
12/19/22,109
12/20/22,110
12/21/22,11
12/22/22,0
12/23/22,0
12/24/22,0
12/25/22,0
12/26/22,0
12/27/22,0
12/28/22,0
12/29/22,0
12/30/22,5848
12/31/22,8626
1/1/23,8426
1/2/23,5130
1/3/23,1781
1/4/23,1732
1/5/23,750
1/6/23,1133
1/7/23,7400
1/8/23,5722
1/9/23,17998
1/10/23,8422
1/11/23,14034
1/12/23,3767
1/13/23,4789
1/14/23,14653
1/15/23,19894
1/16/23,2180
1/17/23,3153
1/18/23,5967
1/19/23,624
1/20/23,781
1/21/23,1131
1/22/23,617
1/23/23,31442
1/24/23,46002
1/25/23,6428
1/26/23,1401
1/27/23,2625
1/28/23,8038
1/29/23,17
1/30/23,682
1/31/23,1513
2/1/23,8517
2/2/23,30604
2/3/23,95213
2/4/23,587502.125
2/5/23,1283438.375
2/6/23,1939606.75
2/7/23,2448541.5
2/8/23,4367316
2/9/23,0
2/10/23,372280
2/11/23,1500161.875
2/12/23,3199164.75
2/13/23,5450321.5
2/14/23,1524619.875
2/15/23,1204357.625
2/16/23,297312
2/17/23,1795117.375
2/18/23,3664682
2/19/23,5828331
2/20/23,4217839.5
2/21/23,4820747
2/22/23,67013
2/23/23,87248
2/24/23,783971.0625
2/25/23,731970.5
2/26/23,2687240
2/27/23,762885.4375
2/28/23,5122666
3/1/23,4194405
3/2/23,1775051.625
3/3/23,2041913.625
3/4/23,3216605.5
3/5/23,5756540
3/6/23,1577251.125
3/7/23,6337573.5
3/8/23,5080245.5
3/9/23,1133729.125
3/10/23,0
3/11/23,18093
3/12/23,15046
3/13/23,66135
3/14/23,351495
3/15/23,2119020.75
3/16/23,963065.3125
3/17/23,7700619
3/18/23,5822384.5
3/19/23,10622850
3/20/23,8551373
3/21/23,7624161.5
3/22/23,2457509.5
3/23/23,4719580
3/24/23,8431814
3/25/23,3507
3/26/23,48662
3/27/23,988003.9375
3/28/23,4955766
3/29/23,9994935
3/30/23,4526368
3/31/23,2636554.75
4/1/23,4543905
4/2/23,6984972.5
4/3/23,3184670.25
4/4/23,1561148
4/5/23,5535712
4/6/23,11630464
4/7/23,9938206
4/8/23,7010059
4/9/23,10179689
4/10/23,9954234
4/11/23,9808808
4/12/23,10909412
4/13/23,10548964
4/14/23,9394564
4/15/23,8369491
4/16/23,2721528
4/17/23,3874838
4/18/23,10921666
4/19/23,1309242
4/20/23,4662049
4/21/23,7307472
4/22/23,5389860
4/23/23,3574039
4/24/23,8800787
4/25/23,4683082
4/26/23,10197870
4/27/23,10119342
4/28/23,9444828
4/29/23,3715865
4/30/23,4125951
5/1/23,4490079
5/2/23,8631803
5/3/23,10526346
5/4/23,9791233
5/5/23,8999559
5/6/23,2804256
5/7/23,8827583
5/8/23,2170788
5/9/23,6457855
5/10/23,10667888
5/11/23,9973561
5/12/23,2816291
5/13/23,4116338
5/14/23,2119877
5/15/23,10245839
5/16/23,9223353
5/17/23,9053547
5/18/23,8033792
5/19/23,7403036
5/20/23,10822548
5/21/23,10552069
5/22/23,9688933
5/23/23,9748236
5/24/23,9538828
5/25/23,11092575
5/26/23,10845187
5/27/23,10251620
5/28/23,8719960
5/29/23,9558940
5/30/23,9810970
5/31/23,8965841
6/1/23,6461058
6/2/23,8942842
6/3/23,9357960
6/4/23,9338801
6/5/23,9482408
6/6/23,4779336
6/7/23,10881887
6/8/23,10882307
6/9/23,10814499
6/10/23,7591788
6/11/23,2018332
6/12/23,8152385
6/13/23,3080727
6/14/23,8808708
6/15/23,8585335
6/16/23,7263738
6/17/23,9813637
6/18/23,8245332
6/19/23,9832147
6/20/23,10457560
6/21/23,9493447
6/22/23,9676559
6/23/23,9690360
6/24/23,9166204
6/25/23,6640277
6/26/23,3663923
6/27/23,9048376
6/28/23,8510107
6/29/23,7454660
6/30/23,7386537
7/1/23,4258008
7/2/23,7872270
7/3/23,9655096
7/4/23,9004059
7/5/23,5540512
7/6/23,8091414
7/7/23,8356818
7/8/23,8539328
7/9/23,9973423
7/10/23,10362555
7/11/23,9800613
7/12/23,2171573
7/13/23,7207642
7/14/23,8237026
7/15/23,8072829
7/16/23,9581581
7/17/23,8685167
7/18/23,9563386
7/19/23,8992897
7/20/23,7613193
7/21/23,9649741
7/22/23,8239431
7/23/23,9334576
7/24/23,8067125
7/25/23,9205352
7/26/23,4823665
7/27/23,9140906
7/28/23,8099577
7/29/23,8726225
7/30/23,9304747
7/31/23,8654950
8/1/23,8001062
8/2/23,8063309
8/3/23,8000600
8/4/23,8329343
8/5/23,7444546
8/6/23,7340015
8/7/23,7202499
8/8/23,8170844
8/9/23,6297654
8/10/23,7218867
8/11/23,7042212
8/12/23,7701322
8/13/23,3518189
8/14/23,4067020
8/15/23,8748956
8/16/23,8701281
8/17/23,6020872
8/18/23,7683195
8/19/23,7878997
8/20/23,7583186
8/21/23,7364902
8/22/23,7859996
8/23/23,7667499
8/24/23,7262287
8/25/23,4589847
8/26/23,3310373
8/27/23,5872157
8/28/23,7762067
8/29/23,7029511
8/30/23,8298740
8/31/23,8262468
9/1/23,8178266
9/2/23,7177530
9/3/23,7714853
9/4/23,6990340
9/5/23,4778067
9/6/23,3190126
9/7/23,3860014
9/8/23,2654450
9/9/23,7452668
9/10/23,6212490
9/11/23,2247763
9/12/23,6577165
9/13/23,5529650
9/14/23,7546108
9/15/23,6595074
9/16/23,2644112
9/17/23,6403181
9/18/23,6228114
9/19/23,4312364
9/20/23,5067443
9/21/23,3622331
9/22/23,3873648
9/23/23,5143769
9/24/23,4675559
9/25/23,3739024
9/26/23,1687576
9/27/23,2359315
9/28/23,2183050
9/29/23,5459220
9/30/23,5424032
10/1/23,6027513
10/2/23,6358677
10/3/23,6097422
10/4/23,4280111
10/5/23,5599070
10/6/23,2650752
10/7/23,6131476
10/8/23,2711212
10/9/23,6665258
10/10/23,3712522
10/11/23,6218090
10/12/23,443314
10/13/23,413285
10/14/23,1421508
10/15/23,4519602
10/16/23,4113040
10/17/23,5572398
10/18/23,2977560
10/19/23,2006378
10/20/23,5610451
10/21/23,1583054
10/22/23,5755926
10/23/23,1910412
10/24/23,4741788
10/25/23,751251
10/26/23,578621
10/27/23,1073385
10/28/23,1702716
10/29/23,1412174
10/30/23,5592070
10/31/23,2297039
11/1/23,3592638
11/2/23,4839151
11/3/23,1171474
11/4/23,4253490
11/5/23,2809882
11/6/23,4240837
11/7/23,3565933
11/8/23,400539
11/9/23,4903592
11/10/23,1950561
11/11/23,2919677
11/12/23,3665304
11/13/23,4423658
11/14/23,4376755
11/15/23,4049174
11/16/23,3031478
11/17/23,4218096
11/18/23,4038680
11/19/23,3959802
11/20/23,1282363
11/21/23,1705980
11/22/23,3725607
11/23/23,3914459
11/24/23,4113921
11/25/23,1810343
11/26/23,0
11/27/23,182930
11/28/23,486740
11/29/23,1703133
11/30/23,3471239
12/1/23,479751
12/2/23,787066
12/3/23,468095
12/4/23,727172
12/5/23,634389
12/6/23,2081985
12/7/23,3267264
12/8/23,2563825
12/9/23,1396755
12/10/23,516144
12/11/23,2802628
12/12/23,3458162
12/13/23,3260071
12/14/23,3089869
12/15/23,1438259
12/16/23,387297
12/17/23,308225
12/18/23,497794
12/19/23,0
12/20/23,0
12/21/23,0
12/22/23,0
12/23/23,0
12/24/23,0
12/25/23,0
12/26/23,0
12/27/23,0
12/28/23,0
12/29/23,0
12/30/23,0
12/31/23,0
1/1/24,0
1/2/24,0
1/3/24,0
1/4/24,0
1/5/24,0
1/6/24,0
1/7/24,0
1/8/24,0
1/9/24,0
1/10/24,0
1/11/24,0
1/12/24,0
1/13/24,0
1/14/24,0
1/15/24,0
1/16/24,0
1/17/24,0
1/18/24,0
1/19/24,0
1/20/24,0
1/21/24,0
1/22/24,0
1/23/24,0
1/24/24,0
1/25/24,0
1/26/24,0
1/27/24,0
1/28/24,0
1/29/24,1487885
1/30/24,717258
1/31/24,2526187
2/1/24,2666212
2/2/24,1350390
2/3/24,4392287
2/4/24,4050506
2/5/24,2791856
2/6/24,3998072
2/7/24,1743093
2/8/24,2307493
2/9/24,1679724
2/10/24,4495766
2/11/24,3279446
2/12/24,5208428
2/13/24,3332924
2/14/24,4631469
2/15/24,2003012
2/16/24,3712601
2/17/24,5928703
2/18/24,5889790
2/19/24,4658904
2/20/24,4857706
2/21/24,4502979
2/22/24,4842790
2/23/24,1829838
2/24/24,5617366
2/25/24,5012700
2/26/24,5174474
2/27/24,4403043
2/28/24,6824242
2/29/24,6264497
3/1/24,5220914
3/2/24,6110000
3/3/24,5655052
3/4/24,2136242
3/5/24,5819430
3/6/24,6863019
3/7/24,6279770
3/8/24,776445
3/9/24,5797753
3/10/24,7296267
3/11/24,6720939
3/12/24,5580755
3/13/24,4001568
3/14/24,864694
3/15/24,7204833
3/16/24,3407085
3/17/24,3206106
3/18/24,5508649
3/19/24,6511066
3/20/24,7996333
3/21/24,4192736
3/22/24,0
3/23/24,2185691
3/24/24,2164963
3/25/24,1391963
3/26/24,1811960
3/27/24,7133951
3/28/24,8325598
3/29/24,6188350
3/30/24,4408131
3/31/24,3205192
4/1/24,2768052
4/2/24,217220
4/3/24,197999
4/4/24,1322127
4/5/24,8456303
4/6/24,8540331
4/7/24,934433
4/8/24,7109800
4/9/24,8143559
4/10/24,7204612
4/11/24,3132080
4/12/24,7141742
4/13/24,8231361
4/14/24,8145205
4/15/24,8197877
4/16/24,3985628
4/17/24,3578158
4/18/24,1570257
4/19/24,8911405
4/20/24,4000881
4/21/24,9101200
4/22/24,7874093
4/23/24,6468342
4/24/24,9189584
4/25/24,9074423
4/26/24,3287027
4/27/24,5791176
4/28/24,942036
4/29/24,4880917
4/30/24,8091400
5/1/24,8165083
5/2/24,2619874
5/3/24,8756162
5/4/24,4969292
5/5/24,8155644
5/6/24,8749776
5/7/24,2529107
5/8/24,8332029
5/9/24,2395474
5/10/24,8874812
5/11/24,8256233
5/12/24,7805633
5/13/24,216211
,
,
,
,
,
,
,
,
,
,
,
,
,
,
,
,
,
,